file_id,volume,unit_type,unit_number,title,frequency_key,word_count,source_pdf_pages,est_minutes_150wpm,notes
V01_00_PROLOGUE.txt,1,prologue,0,"The Watcher's Gift. Bohemia, 1267",,1389,9-16,9.3,
V01_01_CHAPTER_ONE.txt,1,chapter,1,The Library Boy,109 Hz · Kansas City,2502,17-28,16.7,
V01_02_CHAPTER_TWO.txt,1,chapter,2,Sister Nadia,109 Hz · Kansas City,1561,29-36,10.4,
V01_03_CHAPTER_THREE.txt,1,chapter,3,The Box,109 Hz · Kansas City,1683,37-44,11.2,
V01_04_CHAPTER_FOUR.txt,1,chapter,4,The Accident,109 Hz · Kansas City,1931,45-54,12.9,
V01_05_CHAPTER_FIVE.txt,1,chapter,5,The Revelation,109 Hz · Kansas City,1812,55-64,12.1,
V01_06_CHAPTER_SIX.txt,1,chapter,6,The Investigation,109 Hz · Kansas City,1428,65-72,9.5,
V01_07_CHAPTER_SEVEN.txt,1,chapter,7,The Deeper Mystery,109 Hz · Kansas City,1515,73-80,10.1,
V01_08_CHAPTER_EIGHT.txt,1,chapter,8,The Key,109 Hz · Kansas City,1046,81-86,7.0,
V01_09_CHAPTER_NINE.txt,1,chapter,9,The Preparation,109 Hz · Kansas City,1034,87-92,6.9,
V01_10_CHAPTER_TEN.txt,1,chapter,10,SubTropolis,109 Hz · Kansas City,2074,93-102,13.8,
V01_11_CHAPTER_ELEVEN.txt,1,chapter,11,The Manuscripts,109 Hz · Kansas City,1646,103-110,11.0,
V01_12_CHAPTER_TWELVE.txt,1,chapter,12,The Pattern Revealed,109 Hz · Kansas City,1159,111-116,7.7,
V01_13_CHAPTER_THIRTEEN.txt,1,chapter,13,Prague,111.2 Hz · Prague,1367,117-124,9.1,
V01_14_CHAPTER_FOURTEEN.txt,1,chapter,14,Nadia's Confession,111.2 Hz · Prague,1025,125-130,6.8,
V01_15_CHAPTER_FIFTEEN.txt,1,chapter,15,The Strahov,111.2 Hz · Prague,1176,131-138,7.8,
V01_16_CHAPTER_SIXTEEN.txt,1,chapter,16,The Keepers Revealed,111.2 Hz · Prague,826,139-144,5.5,
V01_17_CHAPTER_SEVENTEEN.txt,1,chapter,17,The Conference,111.2 Hz · Prague,888,145-150,5.9,
V01_18_CHAPTER_EIGHTEEN.txt,1,chapter,18,Father's Truth,111.2 Hz · Kansas City,850,151-156,5.7,
V01_19_CHAPTER_NINETEEN.txt,1,chapter,19,Return,109 Hz · Kansas City,626,157-160,4.2,
V01_20_CHAPTER_TWENTY.txt,1,chapter,20,The Seven Sites,109 Hz · Kansas City,804,161-166,5.4,
V01_21_CHAPTER_TWENTY-ONE.txt,1,chapter,21,The Choice,109 Hz · Kansas City,940,167-172,6.3,
V01_22_EPILOGUE.txt,1,epilogue,22,One Year Later,— · Coda,3522,173-190,23.5,
V02_01_CHAPTER_ONE.txt,2,chapter,1,The Stone Cottage,3.915 Hz · Iceland,1771,193-200,11.8,
V02_02_CHAPTER_TWO.txt,2,chapter,2,The Hidden Curriculum,3.915 Hz · Iceland,2920,201-214,19.5,
V02_03_CHAPTER_THREE.txt,2,chapter,3,Ghana,3.915 Hz · Iceland,1547,215-222,10.3,
V02_04_CHAPTER_FOUR.txt,2,chapter,4,The Ars Notoria,111.2 Hz · Iceland,2815,223-234,18.8,
V02_05_CHAPTER_FIVE.txt,2,chapter,5,Nadia's Frequency (Reprise),222.4 Hz · Iceland,2721,235-246,18.1,
V02_06_CHAPTER_SIX.txt,2,chapter,6,The Gospel of Mary,333.6 Hz · Kansas City,3220,247-260,21.5,
V02_07_CHAPTER_SEVEN.txt,2,chapter,7,The Testament of Solomon,333.6 Hz · Iceland,2379,261-270,15.9,
V02_08_CHAPTER_EIGHT.txt,2,chapter,8,The Stone Voices,111.2 Hz · Chartres,4307,271-288,28.7,
V02_09_CHAPTER_NINE.txt,2,chapter,9,Sister Teresa,110.4 Hz · Reims,4038,289-306,26.9,
V02_10_CHAPTER_TEN.txt,2,chapter,10,Andrew's Algorithm,3.915 Hz · Iceland,2245,307-316,15.0,
V02_11_CHAPTER_ELEVEN.txt,2,chapter,11,Nadia's Frequency,109 Hz · Kansas City,2365,317-328,15.8,
V02_12_CHAPTER_TWELVE.txt,2,chapter,12,The Monthly Call,109 Hz · Kansas City,2659,329-342,17.7,
V02_13_CHAPTER_THIRTEEN.txt,2,chapter,13,The Volta Region,111.5 Hz · Ghana,2438,343-352,16.3,
V02_14_CHAPTER_FOURTEEN.txt,2,chapter,14,Seven Heavens,111.2 Hz · Prague,1741,353-360,11.6,
V02_15_CHAPTER_FIFTEEN.txt,2,chapter,15,The Fall,444.8 Hz · Iceland,1770,361-368,11.8,
V02_16_CHAPTER_SIXTEEN.txt,2,chapter,16,Senator Holt,109 Hz · Kansas City,1710,369-376,11.4,
V02_17_CHAPTER_SEVENTEEN.txt,2,chapter,17,The Mirror Guild,111.2 Hz · Prague,1150,377-382,7.7,
V02_18_CHAPTER_EIGHTEEN.txt,2,chapter,18,The Vance Doctrine,556.0 Hz · Iceland,1367,383-388,9.1,
V02_19_CHAPTER_NINETEEN.txt,2,chapter,19,Andrew's Choice,3.915 Hz · Iceland,1997,389-396,13.3,
V02_20_CHAPTER_TWENTY.txt,2,chapter,20,The Forgetting,3.915 Hz · Iceland,2202,397-406,14.7,
V02_21_CHAPTER_TWENTY-ONE.txt,2,chapter,21,The Gospel of Thomas,667.2 Hz · Iceland,2050,407-416,13.7,
V02_22_CHAPTER_TWENTY-TWO.txt,2,chapter,22,Nadia Goes to Ghana,778.4 Hz · Iceland,2124,417-426,14.2,
V02_23_CHAPTER_TWENTY-THREE.txt,2,chapter,23,Andrew's Gift,3.915 Hz · Iceland,1335,427-432,8.9,
V02_24_CHAPTER_TWENTY-FOUR.txt,2,chapter,24,The Hearing,"109 Hz · Washington, D.C.",2859,433-444,19.1,
V02_25_CHAPTER_TWENTY-FIVE.txt,2,chapter,25,The Second Chamber,109 Hz · Kansas City,2306,445-454,15.4,
V02_26_CHAPTER_TWENTY-SIX.txt,2,chapter,26,Coda: The Grimoire,109 Hz · Kansas City / Iceland,1654,455-462,11.0,
V03_00_PROLOGUE.txt,3,prologue,0,"The Listening. Mýrdalsjökull, Present Day.",,290,465-466,1.9,
V03_01_CHAPTER_ONE.txt,3,chapter,1,The Return,109 Hz · Kansas City,1648,467-474,11.0,
V03_02_CHAPTER_TWO.txt,3,chapter,2,The Classroom,109 Hz · Kansas City,1550,475-482,10.3,
V03_03_CHAPTER_THREE.txt,3,chapter,3,Nadia's Decision,109 Hz · Kansas City,1362,483-490,9.1,
V03_04_CHAPTER_FOUR.txt,3,chapter,4,Peter's Question,3.915 Hz · Kansas City,1718,491-498,11.5,
V03_05_CHAPTER_FIVE.txt,3,chapter,5,Yuki's World,109 Hz · Kansas City,2298,499-508,15.3,
V03_06_CHAPTER_SIX.txt,3,chapter,6,The Twelve,109 Hz · Kansas City,1227,509-514,8.2,
V03_07_CHAPTER_SEVEN.txt,3,chapter,7,The Keeper Returns,109 Hz · Kansas City,1278,515-520,8.5,
V03_08_CHAPTER_EIGHT.txt,3,chapter,8,Morning Coffee,107.3 Hz · Kansas City,1251,521-528,8.3,
V03_09_CHAPTER_NINE.txt,3,chapter,9,The Institution,109 Hz · Kansas City,849,529-534,5.7,
V03_10_CHAPTER_TEN.txt,3,chapter,10,The Pharisees,109 Hz · Kansas City,1225,535-540,8.2,
V03_11_CHAPTER_ELEVEN.txt,3,chapter,11,Crane's Argument,109 Hz · Kansas City,1367,541-546,9.1,
V03_12_CHAPTER_TWELVE.txt,3,chapter,12,Barabbas,109 Hz · Kansas City,970,547-552,6.5,
V03_13_CHAPTER_THIRTEEN.txt,3,chapter,13,Blake's Cost,111.2 Hz · Kansas City,2264,553-562,15.1,
V03_14_CHAPTER_FOURTEEN.txt,3,chapter,14,Hour One,111.2 Hz · Kansas City,1674,563-570,11.2,
V03_15_CHAPTER_FIFTEEN.txt,3,chapter,15,Hour Seventy-Two,111.2 Hz · Kansas City,1854,571-580,12.4,
V03_16_CHAPTER_SIXTEEN.txt,3,chapter,16,The Distribution,111.2 Hz · Kansas City,920,581-586,6.1,
V03_17_CHAPTER_SEVENTEEN.txt,3,chapter,17,The Morning After,111.2 Hz · Kansas City,2661,587-600,17.7,
V03_18_CHAPTER_EIGHTEEN.txt,3,chapter,18,The Nine Hundred,108 Hz · Global,1730,601-608,11.5,
V03_19_CHAPTER_NINETEEN.txt,3,chapter,19,The Frequency of Her Silence,107.3 Hz · Kansas City,2138,609-618,14.3,
V03_20_CHAPTER_TWENTY.txt,3,chapter,20,Nadia's Departure,67 Hz · Kansas City,1706,619-626,11.4,
V03_21_CHAPTER_TWENTY-ONE.txt,3,chapter,21,The Empty Kitchen,53.6 Hz · Kansas City,937,627-632,6.2,
V03_22_CHAPTER_TWENTY-TWO.txt,3,chapter,22,Blake's Sabbath,107.3 Hz · Kansas City,2098,633-642,14.0,
V03_23_CHAPTER_TWENTY-THREE.txt,3,chapter,23,Andrew's Departure,3.915 Hz · Kansas City,2046,643-652,13.6,
V03_24_CHAPTER_TWENTY-FOUR.txt,3,chapter,24,Nadia's Morning,107.8 Hz · Kansas City,1339,653-658,8.9,
V03_25_CHAPTER_TWENTY-FIVE.txt,3,chapter,25,The Word,— · Kansas City,1105,659-664,7.4,
V03_26_CHAPTER_TWENTY-SIX.txt,3,chapter,26,Coda: In the Beginning,— · Coda,1954,665-674,13.0,
V03_27_CHAPTER_TWENTY-SEVEN.txt,3,chapter,27,Mýrdalsjökull,,1713,675-681,11.4,
